step	loss
0	0.37934771180152893
1	0.3428296446800232
2	0.30473771691322327
3	0.3003416955471039
4	0.3012102544307709
5	0.20757544040679932
6	0.2564070224761963
7	0.16168752312660217
8	0.13606739044189453
9	0.11910717934370041
10	0.11349856108427048
11	0.1345515251159668
12	0.11098691076040268
13	0.10609740763902664
14	0.10224217921495438
15	0.10396712273359299
