{
    "dice_mean": 0.8778479520755607,
    "jacc_mean": 0.7822896671616385,
    "acc_mean": 0.984640731292517
}