{
    "train": {
        "loss": 0.07873399555683136
    },
    "eval": {
        "loss": 0.10396712273359299
    },
    "dice": 0.8421093247588425,
    "jaccard_coeff": 0.7272787861284518,
    "step": 15
}
